종목코드,종목명
A000020,동화약품
A000040,KR모터스
A000050,경방
A000070,삼양홀딩스
A000080,하이트진로
A000100,유한양행
A000120,CJ대한통운
A000140,하이트진로홀딩스
A000150,두산
A000180,성창기업지주
A0001A0,덕양에너젠
A000210,DL
A000220,유유제약
A000230,일동홀딩스
A000240,한국앤컴퍼니
A000250,삼천당제약
A000270,기아
A000300,DH오토넥스
A000320,노루홀딩스
A000370,한화손해보험
A000400,롯데손해보험
A000430,대원강업
A000440,중앙에너비스
A000490,대동
A0004V0,엔비알모션
A000500,가온전선
A000520,삼일제약
A000540,흥국화재
A000590,CS홀딩스
A000640,동아쏘시오홀딩스
A000650,천일고속
A000660,SK하이닉스
A000670,영풍
A000680,LS네트웍스
A000700,유수홀딩스
A000720,현대건설
A000760,이화산업
A0007C0,아크릴
A000850,화천기공
A000860,강남제비스코
A000880,한화
A000890,보해양조
A0008Z0,에스엔시스
A000910,유니온
A000950,전방
A000990,DB하이텍
A0009K0,에임드바이오
A001000,신라섬유
A001020,페이퍼코리아
A001040,CJ
A001060,JW중외제약
A001070,대한방직
A001080,만호제강
A0010V0,제이피아이헬스케어
A001120,LX인터내셔널
A001130,대한제분
A001210,금호전기
A001230,동국홀딩스
A001250,GS글로벌
A001260,남광토건
A001270,부국증권
A001290,상상인증권
A001340,PKC
A001360,삼성제약
A001380,SG글로벌
A001390,KG케미칼
A0013V0,삼진식품
A001420,태원물산
A001430,세아베스틸지주
A001440,대한전선
A001450,현대해상
A001460,BYC
A001470,삼부토건
A001500,현대차증권
A001510,SK증권
A001520,동양
A001540,안국약품
A001550,조비
A001560,제일연마
A001570,금양
A0015G0,그린광학
A0015N0,아로마티카
A0015S0,페스카로
A001620,케이비아이동국실업
A001630,종근당홀딩스
A001680,대상
A001720,신영증권
A001740,SK네트웍스
A001750,한양증권
A001770,SHD
A001780,알루코
A001790,대한제당
A001800,오리온홀딩스
A001810,무림SP
A001840,이화공영
A001940,KISCO홀딩스
A002020,코오롱
A002030,아세아
A002070,비비안
A002100,경농
A002140,고려산업
A002150,도화엔지니어링
A002170,삼양통상
A002210,동성제약
A002220,한일철강
A002230,피에스텍
A002240,고려제강
A002290,삼일기업공사
A002310,아세아제지
A002320,한진
A002350,넥센타이어
A002360,SH에너지화학
A002390,한독
A002410,범양건영
A002420,세기상사
A002450,삼익악기
A002460,HS화성
A002600,조흥
A002620,제일파마홀딩스
A002630,오리엔트바이오
A002680,한탑
A002690,동일제강
A002700,신일전자
A002710,TCC스틸
A002720,국제약품
A002760,보락
A002780,진흥기업
A002790,아모레퍼시픽홀딩스
A002800,신신제약
A002810,삼영무역
A002820,SUN&L
A002840,미원상사
A002870,신풍
A002880,대유에이텍
A002900,TYM
A002920,유성기업
A002960,한국쉘석유
A002990,금호건설
A003000,부광약품
A003010,혜인
A003030,세아제강지주
A003060,에이프로젠바이오로직스
A003070,코오롱글로벌
A003080,SB성보
A003090,대웅
A003100,선광
A003120,일성아이에스
A003160,디아이
A003200,일신방직
A003220,대원제약
A003230,삼양식품
A003240,태광산업
A003280,흥아해운
A003300,한일홀딩스
A003310,대주산업
A003350,한국화장품제조
A003380,하림지주
A003460,유화증권
A003470,유안타증권
A003480,한진중공업홀딩스
A003490,대한항공
A003520,영진약품
A003530,한화투자증권
A003540,대신증권
A003550,LG
A003570,SNT다이내믹스
A003580,HLB글로벌
A003610,방림
A003620,KG모빌리티
A003670,포스코퓨처엠
A003680,한성기업
A003690,코리안리
A003720,삼영
A003780,진양산업
A003800,에이스침대
A003830,대한화섬
A003850,보령
A003920,남양유업
A003960,사조대림
A004000,롯데정밀화학
A004020,현대제철
A004060,SG세계물산
A004080,신흥
A004140,동방
A004150,한솔홀딩스
A004170,신세계
A004270,남성
A004310,현대약품
A004360,세방
A004370,농심
A004380,삼익THK
A004430,송원산업
A004440,삼일씨엔에스
A004450,삼화왕관
A004490,세방전지
A004540,깨끗한나라
A004560,현대비앤지스틸
A004590,한국가구
A004650,창해에탄올
A004690,삼천리
A004700,조광피혁
A004710,한솔테크닉스
A004720,팜젠사이언스
A004770,써니전자
A004780,대륙제관
A004800,효성
A004830,덕성
A004840,DRB동일
A004870,티웨이홀딩스
A004890,동일산업
A004910,조광페인트
A004920,씨아이테크
A004960,한신공영
A004970,신라교역
A004980,성신양회
A004990,롯데지주
A005010,휴스틸
A005030,부산주공
A005070,코스모신소재
A005090,SGC에너지
A005110,한창
A005160,동국산업
A005180,빙그레
A005250,녹십자홀딩스
A005290,동진쎄미켐
A005320,온타이드
A005360,모나미
A005420,코스모화학
A005430,한국공항
A005440,현대지에프홀딩스
A005490,POSCO홀딩스
A005500,삼진제약
A005610,SPC삼립
A005670,푸드웰
A005690,파미셀
A005710,대원산업
A005720,넥센
A005740,크라운해태홀딩스
A005750,대림바스
A005800,신영와코루
A005810,풍산홀딩스
A005820,원림
A005830,DB손해보험
A005850,에스엘
A005860,한일사료
A005880,대한해운
A005930,삼성전자
A005940,NH투자증권
A005950,이수화학
A005960,동부건설
A005990,매일홀딩스
A006040,동원산업
A006050,국영지앤엠
A006090,사조오양
A006110,삼아알미늄
A006120,SK디스커버리
A006140,피제이전자
A006200,한국전자홀딩스
A006220,제주은행
A006260,LS
A006280,녹십자
A006340,대원전선
A006360,GS건설
A006370,대구백화점
A006380,카프로
A006400,삼성SDI
A006490,인스코비
A006570,대림통상
A006620,동구바이오제약
A006650,대한유화
A006660,삼성공조
A006730,서부T&D
A006740,블루산업개발
A006800,미래에셋증권
A006840,AK홀딩스
A006880,신송홀딩스
A006890,태경케미컬
A006910,보성파워텍
A006920,모헨즈
A006980,우성
A007070,GS리테일
A007110,일신석재
A007120,미래아이앤지
A007160,사조산업
A007210,벽산
A007280,한국특강
A007310,오뚜기
A007330,푸른저축은행
A007340,DN오토모티브
A007370,진양제약
A007390,네이처셀
A007460,에이프로젠
A007530,와이엠
A007540,샘표
A007570,일양약품
A007590,동방아그로
A007610,선도전기
A007660,이수페타시스
A007680,대원
A007690,국도화학
A007720,소노스퀘어
A007770,한일화학
A007810,코리아써키트
A007820,에스엠코어
A007860,서연
A007980,TP
A008040,사조동아원
A008060,대덕
A008110,대동전자
A008250,이건산업
A008260,NI스틸
A008290,원풍물산
A008350,남선알미늄
A008370,원풍
A008420,문배철강
A008470,부스타
A008490,서흥
A008500,일정실업
A008600,윌비스
A008700,아남전자
A008730,율촌화학
A008770,호텔신라
A008830,대동기어
A008870,금비
A008930,한미사이언스
A008970,KBI동양철관
A009140,경인전자
A009150,삼성전기
A009160,SIMPAC
A009180,한솔로지스틱스
A009190,대양금속
A009200,무림페이퍼
A009240,한샘
A009270,신원
A009290,광동제약
A009300,삼아제약
A009310,참엔지니어링
A009320,아진전자부품
A009410,태영건설
A009420,한올바이오파마
A009440,KC그린홀딩스
A009450,경동나비엔
A009460,한창제지
A009470,삼화전기
A009520,포스코엠텍
A009540,HD한국조선해양
A009580,무림P&P
A009620,삼보산업
A009680,모토닉
A009730,이렘
A009770,삼정펄프
A009780,엠에스씨
A009810,플레이그램
A009830,한화솔루션
A009900,명신산업
A009970,영원무역홀딩스
A010040,한국내화
A010060,OCI홀딩스
A010100,한국무브넥스
A010130,고려아연
A010140,삼성중공업
A010170,대한광통신
A010240,흥국
A010280,아이티센엔텍
A010400,우진아이엔에스
A010470,오리콤
A010580,에스엠벡셀
A010660,화천기계
A010690,화신
A010770,평화홀딩스
A010780,아이에스동서
A010820,퍼스텍
A010950,S-Oil
A010960,삼호개발
A011000,진원생명과학
A011040,경동제약
A011070,LG이노텍
A011080,형지I&C
A011090,에넥스
A011150,CJ씨푸드
A011170,롯데케미칼
A011200,HMM
A011210,현대위아
A011280,태림포장
A011300,성안머티리얼스
A011320,유니크
A011330,유니켐
A011370,서한
A011390,부산산업
A011420,갤럭시아에스엠
A011500,한농화성
A011560,세보엠이씨
A011690,와이투솔루션
A011760,현대코퍼레이션
A011780,금호석유화학
A011790,SKC
A011810,STX
A011930,신성이엔지
A012030,DB
A0120G0,삼양바이오팜
A012160,영흥
A012170,아센디오
A012200,계양전기
A012210,삼미금속
A012280,영화금속
A012320,경동인베스트
A012330,현대모비스
A012340,뉴인텍
A012450,한화에어로스페이스
A012510,더존비즈온
A012610,경인양행
A012620,원일특강
A012630,HDC
A012690,모나리자
A0126Z0,삼성에피스홀딩스
A012700,리드코프
A012750,에스원
A012790,신일제약
A012800,대창
A012860,모베이스전자
A013000,세우글로벌
A013030,하이록코리아
A013120,동원개발
A013310,아진산업
A013360,일성건설
A013520,화승코퍼레이션
A013570,디와이
A013700,까뮤이앤씨
A013720,THE CUBE&
A013810,스페코
A013870,지엠비코리아
A013890,지누스
A013990,아가방컴퍼니
A014100,메디앙스
A014130,한익스프레스
A014160,대영포장
A014190,원익큐브
A014280,금강공업
A014440,영보화학
A014470,부방
A014530,극동유화
A014570,고려제약
A014580,태경비케이
A014620,성광벤드
A014680,한솔케미칼
A014710,사조씨푸드
A014790,HL D&I
A014820,동원시스템즈
A014830,유니드
A014910,성문전자
A014940,오리엔탈정공
A014950,삼익제약
A014970,삼륭물산
A014990,인디에프
A015020,이스타코
A015230,대창단조
A015260,에이엔피
A015360,INVENI
A015590,DKME
A015710,코콤
A015750,성우하이텍
A015860,일진홀딩스
A015890,태경산업
A016090,대현
A016100,리더스코스메틱
A016250,SGC E&C
A016360,삼성증권
A016380,KG스틸
A016450,한세예스24홀딩스
A016580,환인제약
A016590,신대양제지
A016600,큐캐피탈
A016610,DB증권
A016670,디모아
A016710,대성홀딩스
A016740,두올
A016790,현대사료
A016800,퍼시스
A016880,웅진
A016920,카스
A017000,신원종합개발
A017040,광명전기
A017180,명문제약
A017250,인터엠
A017370,우신시스템
A017480,삼현철강
A017510,세명전기
A017550,수산세보틱스
A017650,대림제지
A017670,SK텔레콤
A017800,현대엘리베이터
A017810,풀무원
A017860,DS단석
A017890,한국알콜
A017900,광전자
A017940,E1
A017960,한국카본
A018000,유니슨
A018120,진로발효
A018250,애경산업
A018260,삼성에스디에스
A018290,브이티
A018310,삼목에스폼
A018470,조일알미늄
A018500,동원금속
A018620,우진비앤지
A018670,SK가스
A018680,서울제약
A018700,바른손
A018880,한온시스템
A019010,베뉴지
A019170,신풍제약
A019180,티에이치엔
A019210,와이지-원
A019440,세아특수강
A019490,엑시큐어하이트론
A019540,일지테크
A019550,SBI인베스트먼트
A019570,플루토스
A019660,글로본
A019680,대교
A019770,서연탑메탈
A019990,에너토크
A020000,한섬
A020120,키다리스튜디오
A020150,롯데에너지머티리얼즈
A020180,대신정보통신
A020400,대동금속
A020560,아시아나항공
A020710,시공테크
A020760,일진디스플
A021040,대호특수강
A021050,서원
A021080,에이티넘인베스트
A021240,코웨이
A021320,KCC건설
A021650,한국큐빅
A021820,세원정공
A021880,메이슨캐피탈
A022100,포스코DX
A022220,티케이지애강
A023000,삼원강재
A023150,MH에탄올
A023160,태광
A023350,한국종합기술
A023410,유진기업
A023440,제이스코홀딩스
A023450,동남합성
A023530,롯데쇼핑
A023590,다우기술
A023600,삼보판지
A023760,한국캐피탈
A023770,플레이위드
A023790,동일스틸럭스
A023800,인지컨트롤스
A023810,인팩
A023900,풍국주정
A023910,대한약품
A023960,에쓰씨엔지니어링
A024060,흥구석유
A024070,WISCOM
A024090,디씨엠
A024110,기업은행
A024120,KB오토시스
A024720,콜마홀딩스
A024740,한일단조
A024800,유성티엔에스
A024830,세원물산
A024840,KBI메탈
A024850,HLB이노베이션
A024880,케이피에프
A024890,대원화성
A024900,디와이덕양
A024910,경창산업
A024940,PN풍년
A024950,삼천리자전거
A025000,KPX케미칼
A025320,시노펙스
A025440,DH오토웨어
A025550,한국선재
A025560,미래산업
A025620,차AI헬스케어
A025750,한솔홈데코
A025770,한국정보통신
A025820,이구산업
A025860,남해화학
A025870,신라에스지
A025880,케이씨피드
A025890,한국주강
A025900,동화기업
A025950,동신건설
A025980,아난티
A026040,제이에스티나
A026150,특수건설
A026890,스틱인베스트먼트
A026910,광진실업
A026940,부국철강
A026960,동서
A027040,서울전자통신
A027050,코리아나
A027360,아주IB투자
A027410,BGF
A027580,상보
A027710,팜스토리
A027740,마니커
A027830,대성창투
A027970,한국제지
A028050,삼성E&A
A028080,휴맥스홀딩스
A028100,동아지질
A028260,삼성물산
A028300,HLB
A028670,팬오션
A029460,케이씨
A029480,광무
A029530,신도리코
A029780,삼성카드
A030000,제일기획
A030190,NICE평가정보
A030210,다올투자증권
A030350,드래곤플라이
A030520,한글과컴퓨터
A030530,원익홀딩스
A030610,교보증권
A030720,동원수산
A030960,양지사
A031210,서울보증보험
A031310,아이즈비전
A031330,에스에이엠티
A031430,신세계인터내셔날
A031440,신세계푸드
A031510,오스템
A031820,아이티센씨티에스
A031860,디에이치엑스컴퍼니
A031980,피에스케이홀딩스
A032080,아즈텍WB
A032190,다우데이타
A032280,삼일
A032300,한국파마
A032350,롯데관광개발
A032500,케이엠더블유
A032540,TJ미디어
A032560,황금에스티
A032580,피델릭스
A032620,유비케어
A032640,LG유플러스
A032680,소프트센
A032750,삼진
A032790,엠젠솔루션
A032800,판타지오
A032820,우리기술
A032830,삼성생명
A032850,비트컴퓨터
A032860,더라미
A032940,원익
A032960,동일기연
A032980,바이온
A033050,제이엠아이
A033100,제룡전기
A033130,디지틀조선
A033160,엠케이전자
A033170,시그네틱스
A033200,모아텍
A033230,인성정보
A033240,자화전자
A033250,체시스
A033290,로젠
A033310,엠투엔
A033320,제이씨현시스템
A033340,좋은사람들
A033500,동성화인텍
A033530,SJG세종
A033540,파라텍
A033560,블루콤
A033640,네패스
A033790,피노
A033830,티비씨
A033920,무학
A034020,두산에너빌리티
A034120,SBS
A034220,LG디스플레이
A034230,파라다이스
A034310,NICE
A034590,인천도시가스
A034730,SK
A034810,해성산업
A034830,한국토지신탁
A034940,조아제약
A034950,한국기업평가
A035000,HS애드
A035080,그래디언트
A035150,백산
A035200,프럼파스트
A035250,강원랜드
A035290,골드앤에스
A035420,NAVER
A035460,기산텔레콤
A035600,KG이니시스
A035610,솔본
A035620,바른손이앤에이
A035720,카카오
A035760,CJ ENM
A035810,이지홀딩스
A035890,서희건설
A035900,JYP Ent.
A036000,예림당
A036010,아비코전자
A036030,케이티알파
A036090,위지트
A036120,서울평가정보
A036170,에이치엠넥스
A036180,지더블유바이텍
A036190,금화피에스시
A036200,유니셈
A036220,오상헬스케어
A036420,콘텐트리중앙
A036460,한국가스공사
A036480,대성미생물
A036530,SNT홀딩스
A036540,SFA반도체
A036560,KZ정밀
A036570,엔씨소프트
A036580,팜스코
A036620,감성코퍼레이션
A036630,세종텔레콤
A036640,HRS
A036670,삼양케이씨아이
A036690,코맥스
A036710,심텍홀딩스
A036800,나이스정보통신
A036810,에프에스티
A036830,솔브레인홀딩스
A036890,진성티이씨
A036930,주성엔지니어링
A037030,파워넷
A037070,파세코
A037230,한국팩키지
A037270,YG PLUS
A037330,인지디스플레
A037350,성도이엔지
A037370,EG
A037400,우리엔터프라이즈
A037440,희림
A037460,삼지전자
A037560,LG헬로비전
A037710,광주신세계
A037760,쎄니트
A037950,엘컴텍
A038010,제일테크노스
A038060,루멘스
A038070,서린바이오
A038110,에코플라스틱
A038290,마크로젠
A038390,레드캡투어
A038460,바이오스마트
A038500,삼표시멘트
A038530,케이바이오
A038540,상상인
A038620,위즈코프
A038680,에스넷
A038870,에코바이오
A038880,아이에이
A038950,파인디지털
A039010,현대에이치티
A039020,이건홀딩스
A039030,이오테크닉스
A039130,하나투어
A039200,오스코텍
A039240,경남스틸
A039290,인포뱅크
A039310,세중
A039340,한국경제TV
A039420,케이엘넷
A039440,에스티아이
A039490,키움증권
A039560,다산네트웍스
A039570,HDC랩스
A039610,화성밸브
A039740,한국정보공학
A039830,오로라
A039840,디오
A039860,나노엔텍
A039980,폴라리스AI
A040160,누리플렉스
A040300,YTN
A040350,크레오에스지
A040420,정상제이엘에스
A040610,SG&G
A040910,아이씨디
A041020,폴라리스오피스
A041190,우리기술투자
A041440,현대에버다임
A041460,한국전자인증
A041510,에스엠
A041520,이엘씨
A041590,플래스크
A041650,상신브레이크
A041830,인바디
A041910,폴라리스AI파마
A041920,메디아나
A041930,동아화성
A041960,코미팜
A042000,카페24
A042040,케이피엠테크
A042110,에스씨디
A042370,비츠로테크
A042420,네오위즈홀딩스
A042500,링네트
A042510,라온시큐어
A042520,한스바이오메드
A042600,새로닉스
A042660,한화오션
A042700,한미반도체
A042940,상지건설
A043090,더테크놀로지
A043100,알파AI
A043150,바텍
A043200,파루
A043220,티에스넥스젠
A043260,성호전자
A043340,에쎈테크
A043360,디지아이
A043370,피에이치에이
A043590,웰킵스하이텍
A043610,KT지니뮤직
A043650,국순당
A043710,서울리거
A043910,자연과환경
A044180,KD
A044340,위닉스
A044380,주연테크
A044450,KSS해운
A044480,빌리언스
A044490,태웅
A044780,에이치케이
A044820,코스맥스비티아이
A044960,이글벳
A044990,에이치엔에스하이텍
A045060,오공
A045100,한양이엔지
A045300,성우테크론
A045340,토탈소프트
A045390,대아티아이
A045510,정원엔시스
A045520,크린앤사이언스
A045660,에이텍
A045970,코아시아
A046070,코다코
A046120,오르비텍
A046210,HLB파나진
A046310,백금T&A
A046390,삼화네트웍스
A046440,KG모빌리언스
A046890,서울반도체
A046940,우원개발
A046970,우리로
A047040,대우건설
A047050,포스코인터내셔널
A047080,한빛소프트
A047310,파워로직스
A047400,유니온머티리얼
A047560,이스트소프트
A047770,코데즈컴바인
A047810,한국항공우주
A047820,초록뱀미디어
A047920,HLB제약
A048410,현대바이오
A048430,유라테크
A048470,대동스틸
A048530,인트론바이오
A048550,SM C&C
A048770,TPC
A048830,엔피케이
A048870,시너지이노베이션
A048910,대원미디어
A049070,인탑스
A049080,기가레인
A049120,파인디앤씨
A049180,셀루메드
A049430,코메론
A049470,비트플래닛
A049480,오픈베이스
A049520,유아이엘
A049550,잉크테크
A049630,재영솔루텍
A049720,고려신용정보
A049800,우진플라임
A049830,승일
A049950,미래컴퍼니
A049960,쎌바이오텍
A050090,비케이홀딩스
A050110,캠시스
A050120,ES큐브
A050760,에스폴리텍
A050860,아세아텍
A050890,쏠리드
A050960,수산아이앤티
A051160,지어소프트
A051360,토비스
A051370,인터플렉스
A051380,피씨디렉트
A051390,YW
A051490,나라엠앤디
A051500,CJ프레시웨이
A051600,한전KPS
A051630,진양화학
A051780,큐로홀딩스
A051900,LG생활건강
A051910,LG화학
A051980,중앙첨단소재
A052020,에스티큐브
A052220,iMBC
A052260,현대바이오랜드
A052300,오션인더블유
A052330,코텍
A052400,코나아이
A052420,오성첨단소재
A052460,아이크래프트
A052600,한네트
A052670,제일바이오
A052690,한전기술
A052710,아모텍
A052770,아이톡시
A052790,액토즈소프트
A052860,아이앤씨
A052900,KX하이텍
A052960,태양3C
A053030,바이넥스
A053050,지에스이
A053060,세동
A053080,케이엔솔
A053160,프리엠스
A053260,금강철강
A053270,구영테크
A053280,예스24
A053290,NE능률
A053300,한국정보인증
A053350,이니텍
A053450,세코닉스
A053580,웹케시
A053610,프로텍
A053620,태양
A053690,한미글로벌
A053700,삼보모터스
A053800,안랩
A053950,경남제약
A053980,오상자이엘
A054040,한국컴퓨터
A054050,농우바이오
A054090,삼진엘앤디
A054180,메디콕스
A054210,이랜텍
A054220,비츠로시스
A054300,팬스타엔터프라이즈
A054410,케이피티유
A054450,텔레칩스
A054540,삼영엠텍
A054620,APS
A054670,대한뉴팜
A054780,키이스트
A054800,아이디스홀딩스
A054920,한컴위드
A054930,유신
A054940,엑사이엔씨
A054950,제이브이엠
A055490,테이팩스
A055550,신한지주
A056080,유진로봇
A056090,시지메드텍
A056190,에스에프에이
A056360,코위버
A056700,신화인터텍
A056730,CNT85
A057030,YBM넷
A057050,현대홈쇼핑
A057540,옴니시스템
A057680,티사이언티픽
A058110,멕아이씨에스
A058400,KNN
A058430,포스코스틸리온
A058450,한주에이알티
A058470,리노공업
A058610,에스피지
A058630,엠게임
A058650,세아홀딩스
A058730,다스코
A058820,CMG제약
A058850,KTcs
A058860,KTis
A058970,엠로
A059090,미코
A059100,아이컴포넌트
A059120,아진엑스텍
A059180,엔더블유시
A059210,메타바이오메드
A059270,해성에어로보틱스
A060150,인선이엔티
A060230,제이케이시냅스
A060240,스타코링크
A060250,NHN KCP
A060260,뉴보텍
A060280,큐렉소
A060310,3S
A060370,LS마린솔루션
A060380,동양에스텍
A060480,국일신동
A060540,에스에이티
A060560,HC홈센타
A060570,드림어스컴퍼니
A060590,씨티씨바이오
A060720,KH바텍
A060850,영림원소프트랩
A060900,에이전트AI
A060980,HL홀딩스
A061040,알에프텍
A061090,세나테크놀로지
A061250,화일약품
A061970,LB세미콘
A062040,산일전기
A062970,한국첨단소재
A063080,컴투스홀딩스
A063160,종근당바이오
A063170,서울옥션
A063440,SM Life Design
A063570,NICE인프라
A063760,이엘피
A064090,인크레더블버즈
A064240,홈캐스트
A064260,다날
A064290,인텍플러스
A064350,현대로템
A064400,LG씨엔에스
A064480,브리지텍
A064520,테크엘
A064550,바이오니아
A064760,티씨케이
A064800,포니링크
A064820,케이프
A064850,에프앤가이드
A064960,SNT모티브
A065060,지엔코
A065130,탑엔지니어링
A065150,대산F&B
A065170,비엘팜텍
A065350,신성델타테크
A065370,위세아이텍
A065420,에스아이리소스
A065440,이루온
A065450,빅텍
A065500,오리엔트정공
A065510,휴비츠
A065530,와이어블
A065570,삼영이엔씨
A065650,하이퍼코퍼레이션
A065660,안트로젠
A065680,우주일렉트로
A065690,파커스
A065710,서호전기
A065770,CS
A065950,웰크론
A066130,하츠
A066310,큐에스아이
A066360,체리부로
A066410,버킷스튜디오
A066430,아이로보틱스
A066570,LG전자
A066590,우수AMS
A066620,국보디자인
A066670,디티씨
A066700,테라젠이텍스
A066790,씨씨에스
A066830,제노텍
A066900,디에이피
A066910,손오공
A066970,엘앤에프
A066980,한성크린텍
A067000,조이시티
A067010,이씨에스
A067080,대화제약
A067160,SOOP
A067170,오텍
A067280,멀티캠퍼스
A067290,JW신약
A067310,하나마이크론
A067370,선바이오
A067390,아스트
A067570,엔브이에이치코리아
A067630,HLB생명과학
A067730,로지시스
A067770,세진티에스
A067830,세이브존I&C
A067900,와이엔텍
A067920,이글루
A067990,도이치모터스
A068050,팬엔터테인먼트
A068100,케이웨더
A068240,다원시스
A068270,셀트리온
A068290,삼성출판사
A068330,일신바이오
A068760,셀트리온제약
A068790,DMS
A068930,디지털대성
A068940,셀피글로벌
A069080,웹젠
A069140,누리플랜
A069330,유아이디
A069410,엔텔스
A069460,대호에이엘
A069510,에스텍
A069540,빛과전자
A069620,대웅제약
A069640,한세엠케이
A069730,DSR제강
A069920,엑시온그룹
A069960,현대백화점
A070300,엑스큐어
A070590,한솔인티큐브
A070960,모나용평
A071050,한국금융지주
A071090,하이스틸
A071200,인피니트헬스케어
A071280,로체시스템즈
A071320,지역난방공사
A071670,에이테크솔루션
A071840,롯데하이마트
A071850,캐스텍코리아
A071950,코아스
A071970,HD현대마린엔진
A072020,중앙백신
A072130,유엔젤
A072470,우리산업홀딩스
A072710,농심홀딩스
A072770,멤레이비티
A072870,메가스터디
A072950,빛샘전자
A072990,에이치시티
A073010,케이에스피
A073110,엘엠에스
A073190,듀오백
A073240,금호타이어
A073490,이노와이어리스
A073540,에프알텍
A073560,우리손에프앤지
A073570,리튬포어스
A073640,테라사이언스
A074430,아미노로직스
A074600,원익QnC
A074610,이엔플러스
A075130,플랜티넷
A075180,새론오토모티브
A075580,세진중공업
A075970,동국알앤에스
A076080,웰크론한텍
A076340,지에이이노더스
A076610,해성옵틱스
A077360,덕산하이메탈
A077500,유니퀘스트
A077970,STX엔진
A078000,텔코웨어
A078020,LS증권
A078070,유비쿼스홀딩스
A078130,국일제지
A078140,대봉엘에스
A078150,HB테크놀러지
A078160,메디포스트
A078340,컴투스
A078350,한양디지텍
A078520,에이블씨엔씨
A078590,휴림에이텍
A078600,대주전자재료
A078860,스테이지원엔터
A078890,가온그룹
A078930,GS
A079000,와토스코리아
A079160,CJ CGV
A079170,한창산업
A079190,케스피온
A079370,제우스
A079430,현대리바트
A079550,LIG넥스원
A079650,서산
A079810,디이엔티
A079900,전진건설로봇
A079940,가비아
A079950,인베니아
A079960,동양이엔피
A079970,투비소프트
A079980,휴비스
A080010,이상네트웍스
A080160,모두투어
A080220,제주반도체
A080420,모다이노칩
A080470,성창오토텍
A080520,오디텍
A080530,코디
A080580,오킨스전자
A080720,한국유니온제약
A081000,일진다이아
A081150,티플랙스
A081180,쎄크
A081580,성우전자
A081660,미스토홀딩스
A082210,옵트론텍
A082270,젬백스
A082640,동양생명
A082660,코스나인
A082740,한화엔진
A082800,비보존 제약
A082850,우리바이오
A082920,비츠로셀
A083310,엘오티베큠
A083420,그린케미칼
A083450,GST
A083470,이엠앤아이
A083500,에프엔에스테크
A083550,케이엠
A083640,인콘
A083650,비에이치아이
A083660,CSA 코스믹
A083790,CG인바이츠
A083930,아바코
A084010,대한제강
A084110,휴온스글로벌
A084180,수성웹툰
A084370,유진테크
A084440,유비온
A084650,랩지노믹스
A084670,동양고속
A084680,이월드
A084690,대상홀딩스
A084730,팅크웨어
A084850,아이티엠반도체
A084990,헬릭스미스
A085310,엔케이
A085620,미래에셋생명
A085660,차바이오텍
A085670,뉴프렉스
A085810,알티캐스트
A085910,네오티스
A086040,바이오톡스텍
A086060,진바이오텍
A086220,광동헬스바이오
A086280,현대글로비스
A086390,유니테스트
A086450,동국제약
A086520,에코프로
A086670,비엠티
A086710,선진뷰티사이언스
A086790,하나금융지주
A086820,바이오솔루션
A086890,이수앱지스
A086900,메디톡스
A086960,MDS테크
A086980,쇼박스
A087010,펩트론
A087260,모바일어플라이언스
A087600,픽셀플러스
A088130,동아엘텍
A088260,이리츠코크렙
A088280,쏘닉스
A088290,이원컴포텍
A088340,유라클
A088350,한화생명
A088390,이녹스
A088790,진도
A088800,에이스테크
A088910,동우팜투테이블
A088980,맥쿼리인프라
A089010,켐트로닉스
A089030,테크윙
A089140,넥스턴앤롤코리아
A089150,케이씨티
A089230,THE E&M
A089470,HDC현대EP
A089590,제주항공
A089600,KT나스미디어
A089790,제이티
A089850,유비벨록스
A089860,롯데렌탈
A089890,코세스
A089970,브이엠
A089980,상아프론테크
A090080,평화산업
A090150,아이윈
A090350,노루페인트
A090360,로보스타
A090370,메타랩스
A090410,덕신이피씨
A090430,아모레퍼시픽
A090460,비에이치
A090470,제이스텍
A090710,휴림로봇
A090850,현대이지웰
A091120,이엠텍
A091340,S&K폴리텍
A091440,한울소재과학
A091580,상신이디피
A091590,남화토건
A091700,파트론
A091810,티웨이항공
A091970,나노캠텍
A092040,아미코젠
A092070,디엔에프
A092130,이크레더블
A092190,서울바이오시스
A092200,디아이씨
A092220,KEC
A092230,KPX홀딩스
A092300,현우산업
A092440,기신정기
A092460,한라IMS
A092590,럭스피아
A092600,앤씨앤
A092730,네오팜
A092780,DYP
A092790,넥스틸
A092870,엑시콘
A093050,LF
A093190,빅솔론
A093240,형지엘리트
A093320,케이아이엔엑스
A093370,후성
A093380,풍강
A093510,엔지브이아이
A093520,매커스
A093640,케이알엠
A093920,서원인텍
A094170,동운아나텍
A094360,칩스앤미디어
A094480,갤럭시아머니트리
A094800,맵스리얼티
A094820,일진파워
A094840,슈프리마에이치큐
A094850,참좋은여행
A094860,네오리진
A094940,푸른기술
A094970,제이엠티
A095190,이엠코리아
A095270,웨이브일렉트로
A095340,ISC
A095500,미래나노텍
A095570,AJ네트웍스
A095610,테스
A095660,네오위즈
A095700,제넥신
A095720,웅진씽크빅
A095910,에스에너지
A096240,크레버스
A096250,와이즈넛
A096350,대창솔루션
A096530,씨젠
A096610,알에프세미
A096630,에스코넥
A096690,에이루트
A096760,JW홀딩스
A096770,SK이노베이션
A096870,엘디티
A097230,HJ중공업
A097520,엠씨넥스
A097780,에코볼트
A097800,윈팩
A097870,효성오앤비
A097950,CJ제일제당
A098070,한텍
A098120,마이크로컨텍솔
A098460,고영
A098660,에스티오
A099190,아이센스
A099220,SDN
A099320,쎄트렉아이
A099390,브레인즈컴퍼니
A099410,동방선기
A099430,바이오플러스
A099440,스맥
A099520,DGI
A099750,이지케어텍
A100030,인지소프트
A100090,SK오션플랜트
A100120,뷰웍스
A100130,동국S&C
A100220,비상교육
A100250,진양홀딩스
A100590,머큐리
A100660,서암기계공업
A100700,세운메디칼
A100790,미래에셋벤처투자
A100840,SNT에너지
A101000,KS인더스트리
A101140,인바이오젠
A101160,월덱스
A101170,우림피티에스
A101240,씨큐브
A101330,모베이스
A101360,에코앤드림
A101390,아이엠
A101400,엔시트론
A101490,에스앤에스텍
A101530,해태제과식품
A101670,하이드로리튬
A101680,한국정밀기계
A101730,위메이드맥스
A101930,인화정공
A101970,우양에이치씨
A102120,어보브반도체
A102260,동성케미컬
A102370,케이옥션
A102460,이연제약
A102710,이엔에프테크놀로지
A102940,코오롱생명과학
A102950,아하
A103140,풍산
A103230,에스앤더블류
A103590,일진전기
A103660,씨앗
A103840,우양
A104040,대성파인텍
A104200,NHN벅스
A104460,디와이피엔에프
A104480,티케이케미칼
A104540,코렌텍
A104620,노랑풍선
A104700,한국철강
A104830,원익머트리얼즈
A105330,케이엔더블유
A105550,엣지파운드리
A105560,KB금융
A105630,한세실업
A105740,디케이락
A105760,포스뱅크
A105840,우진
A106080,케이이엠텍
A106190,하이텍팜
A106240,파인테크닉스
A106520,노블엠앤비
A107590,미원홀딩스
A107600,새빗켐
A107640,한중엔시에스
A108230,톱텍
A108320,LX세미콘
A108380,대양전기공업
A108490,로보티즈
A108670,LX하우시스
A108860,셀바스AI
A109070,주성코퍼레이션
A109080,옵티시스
A109610,에스와이
A109670,씨싸이트
A109740,디에스케이
A109820,진매트릭스
A109860,동일금속
A109960,앱토크롬
A110020,전진바이오팜
A110790,크리스에프앤씨
A110990,디아이티
A111110,호전실업
A111380,동인기연
A111710,남화산업
A111770,영원무역
A112040,위메이드
A112190,KC산업
A112290,와이씨켐
A112610,씨에스윈드
A113810,디젠스
A114090,GKL
A114190,강원에너지
A114450,그린생명과학
A114630,폴라리스우노
A114810,한솔아이원스
A114840,아이패밀리에스씨
A114920,대주이엔티
A115160,휴맥스
A115180,큐리언트
A115310,인포바인
A115440,우리넷
A115450,HLB테라퓨틱스
A115480,씨유메디칼
A115500,케이씨에스
A115530,씨엔플러스
A115570,스타플렉스
A115610,이미지스
A116100,태양기계
A117580,대성에너지
A117670,알파칩스
A117730,티로보틱스
A118000,메타케어
A118990,모트렉스
A119500,포메탈
A119610,인터로조
A119650,KC코트렐
A119830,아이텍
A119850,지엔씨에너지
A120030,조선선재
A120110,코오롱인더
A120240,대정화금
A121060,유니포인트
A121440,골프존홀딩스
A121600,나노신소재
A121800,비덴트
A121850,코이즈
A121890,에스디시스템
A122310,제노레이
A122350,삼기
A122450,KX
A122640,예스티
A122690,서진오토모티브
A122830,원포유
A122870,와이지엔터테인먼트
A122900,아이마켓코리아
A122990,와이솔
A123010,아이윈플러스
A123040,엠에스오토텍
A123330,제닉
A123410,코리아에프티
A123420,위메이드플레이
A123570,이엠넷
A123690,한국화장품
A123750,알톤
A123840,뉴온
A123860,아나패스
A123890,한국자산신탁
A124500,아이티센글로벌
A124560,태웅로직스
A125020,티씨머티리얼즈
A125210,아모그린텍
A125490,한라캐스트
A126340,비나텍
A126560,현대퓨처넷
A126600,BGF에코머티리얼즈
A126640,화신정공
A126700,하이비젼시스템
A126720,수산인더스트리
A126730,코칩
A126880,제이엔케이글로벌
A127120,제이에스링크
A127710,아시아경제
A127980,화인써키트
A128540,에코캡
A128660,피제이메탈
A128820,대성산업
A128940,한미약품
A129260,인터지스
A129890,앱코
A129920,대성하이텍
A130500,GH신소재
A130580,나이스디앤비
A130660,한전산업
A130740,티피씨글로벌
A131030,옵투스제약
A131090,시큐브
A131100,티엔엔터테인먼트
A131180,딜리
A131220,대한과학
A131290,티에스이
A131370,알서포트
A131400,이브이첨단소재
A131760,파인텍
A131970,두산테스나
A133750,메가엠디
A133820,화인베스틸
A134060,이퓨쳐
A134380,미원화학
A134580,탑코미디어
A134790,시디즈
A136150,원일티엔아이
A136410,아셈스
A136480,하림
A136490,선진
A136540,윈스테크넷
A136660,큐엠씨
A137080,나래나노텍
A137310,에스디바이오센서
A137400,피엔티
A137940,넥스트아이
A137950,제이씨케미칼
A138040,메리츠금융지주
A138070,신진에스엠
A138080,오이솔루션
A138490,코오롱ENP
A138610,나이벡
A138930,BNK금융지주
A139050,BF랩스
A139130,iM금융지주
A139480,이마트
A139670,키네마스터
A139990,아주스틸
A140070,서플러스글로벌
A140410,메지온
A140430,카티스
A140520,대창스틸
A140610,엔솔바이오사이언스
A140660,위월드
A140670,알에스오토메이션
A140860,파크시스템스
A141000,비아트론
A141080,리가켐바이오
A142210,유니트론텍
A142280,녹십자엠에스
A142760,모아라이프플러스
A143160,아이디스
A143210,핸즈코퍼레이션
A143240,사람인
A143540,영우디에스피
A144510,지씨셀
A144960,뉴파워프라즈마
A145020,휴젤
A145170,노브랜드
A145210,다이나믹디자인
A145720,덴티움
A145990,삼양사
A146060,율촌
A146320,비씨엔씨
A147760,피엠티
A147830,제룡산업
A148150,세경하이테크
A148250,알엔투테크놀로지
A148780,비큐AI
A148930,에이치와이티씨
A149010,아이케이세미콘
A149300,아퓨어스
A149950,아바텍
A149980,하이로닉
A150900,파수
A151860,KG에코솔루션
A152550,한국ANKOR유전
A153460,네이블
A153490,우리이앤엘
A153710,옵티팜
A154030,아시아종묘
A154040,다산솔루에타
A155650,와이엠씨
A155660,DSR
A156100,엘앤케이바이오
A158430,아톤
A159010,아스플로
A159580,제로투세븐
A159910,에코글로우
A160190,하이젠알앤엠
A160550,NEW
A160980,싸이맥스
A161000,애경케미칼
A161390,한국타이어앤테크놀로지
A161580,필옵틱스
A161890,한국콜마
A162120,루켄테크놀러지스
A162300,신스틸
A163280,에어레인
A163560,동일고무벨트
A163730,핑거
A166090,하나머티리얼즈
A166480,코아스템켐온
A168330,내츄럴엔도텍
A168360,펨트론
A169330,엠브레인
A169670,코스텍시스템
A170030,현대공업
A170790,파이오링크
A170900,동아에스티
A170920,엘티씨
A171010,램테크놀러지
A171090,선익시스템
A171120,라이온켐텍
A172670,에이엘티
A173130,오파스넷
A173940,에프엔씨엔터
A174900,앱클론
A175140,휴먼테크놀로지
A175250,아이큐어
A175330,JB금융지주
A176590,코나솔
A176750,듀켐바이오
A177350,베셀
A177830,파버나인
A177900,쓰리에이로직스
A178320,서진시스템
A178600,대동고려삼
A178780,일월지엠엘
A178920,PI첨단소재
A179290,엠아이텍
A179530,애드바이오텍
A179720,머니무브
A179900,유티아이
A180060,탑선
A180400,DXVX
A180640,한진칼
A181710,NHN
A182360,큐브엔터
A182400,엔케이맥스
A183190,아세아시멘트
A183300,코미코
A183490,엔지켐생명과학
A184230,SGA솔루션즈
A185190,수프로
A185490,아이진
A185750,종근당
A186230,그린플러스
A187220,디티앤씨
A187270,신화콘텍
A187420,HLB제넥스
A187660,현대ADM
A187790,나노
A187870,디바이스
A188040,바이오포트
A188260,세니젠
A189300,인텔리안테크
A189330,씨이랩
A189350,코셋
A189690,포시에스
A189860,서전기전
A189980,흥국에프엔비
A190510,나무가
A190650,코리아에셋투자증권
A191410,육일씨엔에쓰
A191420,테고사이언스
A191600,블루탑
A192080,더블유게임즈
A192250,케이사인
A192390,윈하이텍
A192400,쿠쿠홀딩스
A192410,오늘이엔엠
A192440,슈피겐코리아
A192650,드림텍
A192820,코스맥스
A193250,링크드
A194370,제이에스코퍼레이션
A194480,데브시스터즈
A194700,노바렉스
A195500,마니커에프앤지
A195870,해성디에스
A195940,HK이노엔
A195990,에이비프로바이오
A196170,알테오젠
A196300,HLB펩
A196450,코아시아씨엠
A196490,디에이테크놀로지
A196700,웹스
A197140,디지캡
A198080,캐프
A198440,강동씨앤엘
A198940,한주라이트메탈
A199150,데이터스트림즈
A199290,바이오프로테크
A199430,케이엔알시스템
A199480,뱅크웨어글로벌
A199550,레이저옵텍
A199730,바이오인프라
A199800,툴젠
A199820,제일일렉트릭
A200130,콜마비앤에이치
A200230,텔콘RF제약
A200350,아티스트스튜디오
A200470,에이팩트
A200580,메디쎄이
A200670,휴메딕스
A200710,에이디테크놀로지
A200780,비씨월드제약
A200880,서연이화
A201490,미투온
A202960,판도라티비
A203400,에이비온
A203450,유니온바이오메트릭스
A203650,드림시큐리티
A203690,아크솔루션스
A204020,그리티
A204270,제이앤티씨
A204320,HL만도
A204610,티쓰리
A204620,글로벌텍스프리
A204630,스튜디오산타클로스
A204840,지엘팜텍
A205100,엑셈
A205470,휴마시스
A205500,넥써쓰
A206400,베노티앤알
A206560,덱스터
A206640,바디텍메드
A206650,유바이오로직스
A206950,볼빅
A207490,에이펙스인텍
A207760,미스터블루
A207940,삼성바이오로직스
A208140,정다운
A208350,지란지교시큐리티
A208370,셀바스헬스케어
A208640,썸에이지
A208710,포톤
A208850,이비테크
A208860,다산디엠씨
A208890,미래엔에듀파트너
A209640,와이제이링크
A210120,캔버스엔
A210540,디와이파워
A210980,SK디앤디
A211050,인카금융서비스
A211270,AP위성
A212310,오건에코텍
A212560,네오오토
A212710,아이에스티이
A213420,덕산네오룩스
A213500,한솔제지
A214150,클래시스
A214180,헥토이노베이션
A214260,라파스
A214270,FSN
A214320,이노션
A214330,금호에이치티
A214370,케어젠
A214390,경보제약
A214420,토니모리
A214430,아이쓰리시스템
A214450,파마리서치
A214610,롤링스톤
A214680,디알텍
A215000,골프존
A215090,솔디펜스
A215100,로보로보
A215200,메가스터디교육
A215360,우리산업
A215380,우정바이오
A215480,토박스코리아
A215570,크로넥스
A215600,신라젠
A215790,이노인스트루먼트
A216050,인크로스
A216080,제테마
A216400,인바이츠바이오코아
A217190,제너셈
A217270,넵튠
A217320,썬테크
A217330,싸이토젠
A217480,에스디생명공학
A217500,러셀
A217590,티엠씨
A217620,선샤인푸드
A217730,강스템바이오텍
A217820,원익피앤이
A217880,틸론
A217910,에스제이켐
A217950,파마리서치바이오
A218150,미래생명자원
A218410,RFHIC
A219130,타이거일렉
A219420,링크제니시스
A219550,디와이디
A219750,한국비티비
A220100,퓨쳐켐
A220180,핸디소프트
A220260,켐트로스
A221800,유투바이오
A221840,하이즈항공
A221980,케이디켐
A222040,코스맥스엔비티
A222080,씨아이에스
A222110,팬젠
A222160,NPX
A222420,쎄노텍
A222670,플럼라인생명과학
A222800,심텍
A222810,세토피아
A222980,한국맥널티
A223220,로지스몬
A223250,드림씨아이에스
A223310,사토시홀딩스
A224060,더코디
A224110,에이텍모빌리티
A224760,엔에스컴퍼니
A224810,엄지하우스
A225190,LK삼양
A225220,제놀루션
A225430,케이엠제약
A225530,HC보광산업
A225570,넥슨게임즈
A225590,패션플랫폼
A226320,잇츠한불
A226330,신테카바이오
A226340,본느
A226400,오스테오닉
A226590,엠디바이스
A226950,올릭스
A227100,프로브잇
A227420,도부
A227610,아우딘퓨쳐스
A227840,현대코퍼레이션홀딩스
A227950,엔투텍
A228340,동양파일
A228670,레이
A228760,지노믹트리
A228850,레이언스
A229000,젠큐릭스
A229500,노브메타파마
A229640,LS에코에너지
A230240,에치에프알
A230360,에코마케팅
A230980,비유테크놀러지
A232140,와이씨
A232530,이엠티
A232680,라온로보틱스
A232830,아이티센피엔에스
A233250,메디안디노스틱
A233990,질경이
A234030,싸이닉솔루션
A234070,에이원알폼
A234080,JW생명과학
A234100,폴라리스세원
A234300,에스트래픽
A234340,헥토파이낸셜
A234690,녹십자웰빙
A234920,자이글
A235980,메드팩토
A236030,씨알푸드
A236200,슈프리마
A236340,메디젠휴먼케어
A236810,엔비티
A237690,에스티팜
A237750,피앤씨테크
A237820,플레이디
A237880,클리오
A238090,앤디포스
A238120,얼라인드
A238170,엔에스엠
A238200,비피도
A238490,힘스
A238500,로보쓰리에이아이
A239340,이스트에이드
A239610,에이치엘사이언스
A239890,피엔에이치테크
A240550,동방메디컬
A240600,유진테크놀로지
A240810,원익IPS
A241520,DSC인베스트먼트
A241560,두산밥캣
A241590,화승엔터프라이즈
A241690,유니테크노
A241710,코스메카코리아
A241770,메카로
A241790,티이엠씨씨엔에스
A241820,피씨엘
A241840,에이스토리
A242040,나무기술
A243070,휴온스
A243840,신흥에스이씨
A243870,아이티센코어
A244460,올리패스
A244880,나눔테크
A244920,에이플러스에셋
A245450,씨앤에스링크
A245620,EDGC
A246250,에스엘에스바이오
A246690,TS인베스트먼트
A246710,티앤알바이오팹
A246720,아스타
A246960,SCL사이언스
A247540,에코프로비엠
A247660,나노씨엠에스
A248070,솔루엠
A248170,샘표식품
A249420,일동제약
A250000,보라티알
A250030,진코스텍
A250060,모비스
A250930,예선테크
A251120,바이오에프디엔씨
A251270,넷마블
A251280,안지오랩
A251370,와이엠티
A251630,브이원텍
A251970,펌텍코리아
A252500,세화피앤씨
A252990,샘씨엔에스
A253450,스튜디오드래곤
A253590,네오셈
A253610,루트락
A253840,수젠텍
A254120,자비스
A254160,제이엠멀티
A254490,미래반도체
A255220,SG
A255440,야스
A256150,한독크린텍
A256630,포인트엔지니어링
A256840,한국비엔씨
A256940,킵스파마
A257370,피엔티엠에스
A257720,실리콘투
A257990,나우코스
A258050,테크트랜스
A258610,케일럼
A258790,소프트캠프
A258830,세종메디칼
A259630,엠플러스
A259960,크래프톤
A260660,알리코제약
A260870,SK시그넷
A260930,씨티케이
A260970,에스앤디
A261200,덴티스
A261520,이지스
A261780,차백신연구소
A262260,에이프로
A262840,아이퀘스트
A263020,디케이앤디
A263050,유틸렉스
A263600,덕우전자
A263690,디알젬
A263700,케어랩스
A263720,디앤씨미디어
A263750,펄어비스
A263770,유에스티
A263800,데이타솔루션
A263810,상신전자
A263860,지니언스
A263920,휴엠앤씨
A264450,유비쿼스
A264660,씨앤지하이테크
A264850,이랜시스
A264900,크라운제과
A265520,AP시스템
A265560,영화테크
A265740,엔에프씨
A266170,레드우즈
A266350,팡스카이
A266470,바이오인프라생명과학
A267080,세븐브로이맥주
A267250,HD현대
A267260,HD현대일렉트릭
A267270,HD건설기계
A267290,경동도시가스
A267320,나인테크
A267790,배럴
A267850,아시아나IDT
A267980,매일유업
A268280,미원에스씨
A269620,시스웍
A270210,에스알바이오텍
A270520,앱튼
A270660,에브리봇
A270870,뉴트리
A271560,오리온
A271830,팸텍
A271940,일진하이솔루스
A271980,제일약품
A272110,케이엔제이
A272210,한화시스템
A272290,이녹스첨단소재
A272450,진에어
A272550,삼양패키징
A273060,와이즈버즈
A273640,와이엠텍
A274090,켄코아에어로스페이스
A274400,이노시뮬레이션
A275630,에스에스알
A276040,스코넥
A276240,엘리비젼
A276730,한울앤제주
A277070,린드먼아시아
A277410,인산가
A277810,레인보우로보틱스
A277880,티에스아이
A278280,천보
A278470,에이피알
A278650,HLB바이오스텝
A278990,EMB
A279060,이노벡스
A279600,미디어젠
A280360,롯데웰푸드
A281740,레이크머티리얼즈
A281820,케이씨텍
A282330,BGF리테일
A282720,금양그린파워
A282880,코윈테크
A284620,카이노스메드
A284740,쿠쿠홈시스
A285130,SK케미칼
A285490,노바텍
A285800,진영
A286750,나노실리칸첨단소재
A286940,롯데이노베이트
A287840,인투셀
A288330,파라택시스코리아
A288620,에스퓨얼셀
A288980,모아데이타
A289010,아이스크림에듀
A289080,SV인베스트먼트
A289170,바이오텐
A289220,자이언트스텝
A289930,웨이비스
A290090,트윔
A290120,DH오토리드
A290270,휴네시온
A290520,신도기연
A290550,디케이티
A290560,신시웨이
A290650,엘앤씨바이오
A290660,네오펙트
A290670,대보마그네틱
A290690,소룩스
A290720,푸드나무
A290740,액트로
A291230,엔피
A291650,압타머사이언스
A291810,핀텔
A293480,하나제약
A293490,카카오게임즈
A293580,나우IB
A293780,압타바이오
A294090,이오플로우
A294140,레몬
A294570,쿠콘
A294630,서남
A294870,HDC현대산업개발
A295310,에이치브이엠
A296160,프로젠
A296520,가이아코퍼레이션
A296640,이노룰스
A297090,씨에스베어링
A297570,알로이스
A297890,HB솔루션
A298000,효성화학
A298020,효성티앤씨
A298040,효성중공업
A298050,HS효성첨단소재
A298060,에스씨엠생명과학
A298380,에이비엘바이오
A298540,더네이쳐홀딩스
A298690,에어부산
A298830,슈어소프트테크
A299030,하나기술
A299170,더블유에스아이
A299480,지앤이헬스케어
A299660,셀리드
A299900,위지윅스튜디오
A300080,플리토
A300120,라온피플
A300720,한일시멘트
A301300,바이브컴퍼니
A302430,이노메트리
A302440,SK바이오사이언스
A302550,리메드
A302920,더콘텐츠온
A303030,지니틱스
A303360,프로티아
A303530,이노뎁
A303810,동국생명과학
A304100,솔트룩스
A304360,에스바이오메딕스
A304840,피플바이오
A305090,마이크로디지탈
A306040,에스제이그룹
A306200,세아제강
A306620,지아이에스
A307180,아이엘
A307280,원바이오젠
A307750,국전약품
A307870,비투엔
A307930,컴퍼니케이
A307950,현대오토에버
A308080,바이젠셀
A308100,형지글로벌
A308170,씨티알모빌리티
A308430,셀비온
A309710,아이티켐
A309930,조이웍스앤코
A309960,LB인베스트먼트
A310200,애니플러스
A310210,보로노이
A310870,디와이씨
A311060,엘에이티
A311320,지오엘리먼트
A311390,네오크레마
A311690,CJ 바이오사이언스
A311960,인터로이드
A312610,에이에프더블류
A313760,캐리
A314130,지놈앤컴퍼니
A314140,알피바이오
A314930,바이오다인
A315640,딥노이드
A316140,우리금융지주
A317120,라닉스
A317240,TS트릴리온
A317330,덕산테코피아
A317400,자이에스앤디
A317450,명인제약
A317530,캐리소프트
A317690,퀀타매트릭스
A317770,엑스페릭스
A317830,에스피시스템스
A317850,대모
A317860,노드메이슨
A317870,엔바이오니아
A318000,KBG
A318010,팜스빌
A318020,포인트모바일
A318060,그래피
A318160,셀바이오휴먼텍
A318410,비비씨
A318660,타임기술
A319400,현대무벡스
A319660,피에스케이
A320000,한울반도체
A321260,프로이천
A321370,센서뷰
A321550,티움바이오
A321820,아티스트컴퍼니
A322000,HD현대에너지솔루션
A322180,LS티라유텍
A322310,오로스테크놀로지
A322510,제이엘케이
A322780,코퍼스코리아
A322970,무진메디
A323280,태성
A323350,다원넥스뷰
A323410,카카오뱅크
A323990,박셀바이오
A327260,RF머트리얼즈
A327610,펨토바이오메드
A328130,루닛
A328380,솔트웨어
A329180,HD현대중공업
A330350,위더스제약
A330730,스톤브릿지벤처스
A330860,네패스아크
A331380,포커스에이아이
A331520,밸로프
A331660,한국미라클피플사
A331740,아우토크립트
A331920,셀레믹스
A332190,오션스바이오
A332290,누보
A332370,아이디피
A332570,PS일렉트로닉스
A333050,모코엠시스
A333430,일승
A333620,엔시스
A334970,프레스티지바이오로직스
A335810,프리시젼바이오
A335870,윙스풋
A336040,타스컴
A336060,웨이버스
A336260,두산퓨얼셀
A336370,솔루스첨단소재
A336570,원텍
A336680,탑런토탈솔루션
A337840,유엑스엔
A337930,젝시믹스
A338220,뷰노
A338840,와이바이오로직스
A339770,교촌에프앤비
A339950,아이비김영
A340360,다보링크
A340440,세림B&G
A340450,지씨지놈
A340570,티앤엘
A340810,시선AI
A340930,유일에너테크
A341170,퓨쳐메디신
A341310,이앤에치
A342870,오아
A344860,이노진
A346010,타이드
A347000,센코
A347700,스피어
A347740,피엔케이피부임상연구센타
A347770,핌스
A347850,디앤디파마텍
A347860,알체라
A347890,엠투아이
A348030,모비릭스
A348080,큐라티스
A348150,고바이오랩
A348210,넥스틴
A348340,뉴로메카
A348350,위드텍
A348370,엔켐
A351020,미쥬
A351320,넥사다이내믹스
A351330,이삭엔지니어링
A351870,차이커뮤니케이션
A352090,스톰테크
A352480,씨앤씨인터내셔널
A352700,씨앤투스
A352770,셀레스트라
A352820,하이브
A352910,오비고
A352940,인바이오
A353190,휴럼
A353200,대덕전자
A353590,오토앤
A353810,이지바이오
A354200,엔젠바이오
A354320,알멕
A354390,바스칸바이오제약
A355150,코스텍시스
A355390,크라우드웍스
A355690,에이텀
A356680,엑스게이트
A356860,티엘비
A356890,싸이버원
A357230,에이치피오
A357550,석경에이티
A357580,아모센스
A357780,솔브레인
A357880,SKAI
A358570,지아이이노베이션
A359090,씨엔알리서치
A360070,탑머티리얼
A360350,코셈
A361390,제노코
A361570,알비더블유
A361610,SK아이이테크놀로지
A361670,삼영에스앤씨
A362320,청담글로벌
A362990,드림인사이트
A363250,진시스템
A363260,모비데이즈
A363280,티와이홀딩스
A364950,에이아이코리아
A365270,큐라클
A365330,에스와이스틸텍
A365340,성일하이텍
A365590,하이딥
A365900,브이씨
A366030,공구우먼
A367000,플래티어
A368030,창대정밀
A368600,아이씨에이치
A368770,파이버프로
A368970,오에스피
A369370,블리츠웨이엔터테인먼트
A370090,퓨런티어
A371950,풍원정밀
A372170,윤성에프앤씨
A372320,큐로셀
A372800,아이티아이즈
A372910,한컴라이프케어
A373110,엑셀세라퓨틱스
A373160,데이원컴퍼니
A373170,엠아이큐브솔루션
A373200,엑스플러스
A373220,LG에너지솔루션
A375500,DL이앤씨
A376180,피코그램
A376270,HEM파마
A376290,씨유테크
A376300,디어유
A376900,로킷헬스케어
A376930,노을
A376980,원티드랩
A377030,비트맥스
A377220,프롬바이오
A377300,카카오페이
A377330,이지트로닉스
A377450,리파인
A377460,위니아에이드
A377480,마음AI
A377740,바이오노트
A378340,필에너지
A378800,샤페론
A378850,화승알앤에이
A379390,이성씨엔아이
A380540,옵티코어
A380550,뉴로핏
A381620,제닉스로보틱스
A381970,케이카
A382150,온코크로스
A382480,지아이텍
A382800,지앤비에스 에코
A382840,원준
A382900,범한퓨얼셀
A383220,F&F
A383310,에코프로에이치엔
A383800,LX홀딩스
A383930,디티앤씨알오
A384470,코어라인소프트
A387570,파인메딕스
A388050,지투파워
A388210,씨엠티엑스
A388610,지에프씨생명과학
A388720,유일로보틱스
A388790,라이콤
A388870,파로스아이바이오
A389020,자람테크놀로지
A389030,지니너스
A389140,포바이포
A389260,대명에너지
A389470,인벤티지랩
A389500,에스비비테크
A389650,넥스트바이오메디컬
A389680,유디엠텍
A390110,애니메디솔루션
A391710,코닉오토메이션
A393210,토마토시스템
A393890,더블유씨피
A393970,대진첨단소재
A394280,오픈엣지테크놀로지
A394800,쓰리빌리언
A396270,넥스트칩
A396300,세아메카닉스
A396470,워트
A397030,에이프릴바이오
A397810,애드포러스
A398120,에스지헬스케어
A399720,가온칩스
A402030,코난테크놀로지
A402340,SK스퀘어
A402420,켈스
A402490,그린리소스
A403360,라피치
A403490,우듬지팜
A403550,쏘카
A403810,아이엘로보틱스
A403850,더핑크퐁컴퍼니
A403870,HPSP
A405000,플라즈맵
A405100,큐알티
A405920,나라셀라
A406820,뷰티스킨
A407400,꿈비
A408900,스튜디오미르
A408920,메쎄이상
A411080,샌즈랩
A412350,레이저쎌
A412540,제일엠앤에스
A413300,티엘엔지니어링
A413390,엠오티
A413630,씨피시스템
A413640,비아이매트릭스
A415380,스튜디오삼익
A415640,KB발해인프라
A416180,신성에스티
A417010,나노팀
A417180,핑거스토리
A417200,LS머트리얼즈
A417500,제이아이테크
A417790,트루엔
A417840,저스템
A417860,오브젠
A417970,모델솔루션
A418250,시큐레터
A418420,라온텍
A418470,KT밀리의서재
A418550,제이오
A418620,E8
A419050,삼기에너지솔루션즈
A419080,엔젯
A419120,산돌
A419530,SAMG엔터
A419540,비스토스
A420570,제이투케이바이오
A420770,기가비스
A424760,벨로크
A424870,이뮨온시아
A424960,스마트레이더시스템
A424980,마이크로투나노
A425040,티이엠씨
A425420,티에프이
A429270,시지트로닉스
A430690,한싹
A431190,케이쓰리아이
A432430,와이랩
A432470,케이엔에스
A432720,퀄리타스반도체
A432980,엠에프씨
A434190,탈로스
A434480,모니터랩
A435570,에르코스
A437730,삼현
A438700,버넥트
A439090,마녀공장
A439260,대한조선
A439580,블루엠텍
A440110,파두
A440290,HB인베스트먼트
A440320,오픈놀
A441270,파인엠텍
A443060,HD현대마린솔루션
A443250,레뷰코퍼레이션
A443670,에스피소프트
A444530,심플랫폼
A445090,에이직랜드
A445180,퓨릿
A445680,큐리옥스바이오시스템즈
A446070,유니드비티플러스
A446440,에피바이오텍
A446540,메가터치
A446840,지슨
A447690,아이오바이오
A448280,에코아이
A448710,코츠테크놀로지
A448780,마이크로엔엑스
A448900,한국피아이엠
A450080,에코프로머티
A450330,하스
A450520,인스웨이브
A450950,아스테라시스
A451220,아이엠티
A451250,삐아
A451760,컨텍
A452160,제이엔비
A452190,한빛레이저
A452200,민테크
A452260,한화갤러리아
A452280,한선엔지니어링
A452300,캡스톤파트너스
A452400,이닉스
A452430,사피엔반도체
A452450,피아이이
A453340,현대그린푸드
A453450,그리드위즈
A453860,에이에스텍
A454910,두산로보틱스
A455180,케이지에이
A455900,엔젤로보틱스
A456010,아이씨티케이
A456040,OCI
A456070,이엔셀
A456160,지투지바이오
A456190,큐라켐
A456570,아이엠지티
A457190,이수스페셜티케미컬
A457370,한켐
A457550,우진엔텍
A457600,벡트
A458650,성우
A458870,씨어스테크놀로지
A459100,위츠
A459510,나우로보틱스
A459550,알트
A460470,아이빔테크놀로지
A460850,동국씨엠
A460860,동국제강
A460870,에스엠씨지
A460930,현대힘스
A460940,피앤에스로보틱스
A461030,아이엠비디엑스
A461300,아이스크림미디어
A462310,뉴키즈온
A462350,이노스페이스
A462510,라메디텍
A462520,조선내화
A462860,더즌
A462870,시프트업
A462980,아이지넷
A463020,뉴엔AI
A463480,모티브링크
A464080,에스오에스랩
A464280,티디에스팜
A464490,쿼드메디슨
A464500,아이언디바이스
A464580,닷밀
A465480,인스피언
A465770,STX그린로지스
A466100,클로봇
A466410,사이냅소프트
A468530,프로티나
A469610,이노테크
A469750,아이비젼웍스
A471820,셀로맥스사이언스
A472850,폰드그룹
A473980,노머스
A474170,루미르
A474610,RF시스템즈
A474650,링크솔루션
A475150,SK이터닉스
A475230,엔알비
A475400,씨메스
A475430,키스트론
A475460,미트박스
A475560,더본코리아
A475580,에이럭스
A475660,에스켐
A475830,오름테라퓨틱
A475960,토모큐브
A476040,오가노이드사이언스
A476060,온코닉테라퓨틱스
A476080,M83
A476710,타조이엔터테인먼트
A476830,알지노믹스
A478340,나라스페이스테크놀로지
A478560,블랙야크아이앤씨
A479960,위너스
A480370,씨케이솔루션
A481070,에이유브랜즈
A482630,삼양엔씨켐
A483650,달바글로벌
A484120,도우인시스
A484590,삼양컴텍
A484810,티엑스알로보틱스
A484870,엠앤씨솔루션
A486990,노타
A487570,HS효성
A488280,에스투더블유
A488900,비츠로넥스텍
A489460,바이오비쥬
A489500,엘케이켐
A489790,한화비전
A490470,세미파이브
A491000,리브스메드
A493330,지에프아이
A494120,큐리오시스
A495810,유비씨
A496320,본시스템즈
A499790,GS피앤엘
A900070,글로벌에스엠
A900100,애머릿지
A900110,이스트아시아홀딩스
A900120,씨엑스아이
A900250,크리스탈신소재
A900260,로스웰
A900270,헝셩그룹
A900290,GRT
A900300,오가닉티코스메틱
A900310,컬러레이
A900340,윙입푸드
A950130,엑세스바이오
A950140,잉글우드랩
A950160,코오롱티슈진
A950170,JTC
A950190,고스트스튜디오
A950200,소마젠
A950210,프레스티지바이오파마
A950220,네오이뮨텍
A950250,테라뷰
A000480,CR홀딩스
A001530,DI동일
A007700,F&F홀딩스
A002380,KCC
A344820,KCC글라스
A009070,KCTC
A030200,KT
A033780,KT&G
A010120,LS ELECTRIC
A004250,NPC
A123700,SJM
A025530,SJM홀딩스
A326030,SK바이오팜
A084870,TBH글로벌
A069260,TKG휴켐스
A013580,계룡건설
A005300,롯데칠성
A003650,미창석유
A000810,삼성화재
A005680,삼영전자
A011230,삼화전자
A001820,삼화콘덴서
A000390,삼화페인트
A017390,서울가스
A004410,서울식품
A053210,스카이라이프
A035510,신세계 I&C
A138360,앤로보틱스
A900140,엘브이엠씨홀딩스
A033270,유나이티드제약
A001200,유진투자증권
A010640,진양폴리
A004100,태양금속
A025540,한국단자
A004090,한국석유
A002200,한국수출포장
A015760,한국전력
A000970,한국주철관
A011700,한신기계
A005380,현대차
A006060,화승인더
A094280,효성ITX
A005870,휴니드
